Scenario;Replique;Temps Reel;Temps Logique;Niveau de Log;Nom Objet;Fonction;Message
DefaultScenario;0;2023-01-10T11:20:19.903134600Z;01/01/2015 00:00:00;Information;airport.Airport@6a370f4;Airport;Goetghebeur International Airport is now opened !
DefaultScenario;0;2023-01-10T11:20:20.278046800Z;01/01/2015 00:00:00;Information;airport.ControlTower@19976a65;identifyAirplane;Unidentified airplane wants to notify its arrival
DefaultScenario;0;2023-01-10T11:20:20.278046800Z;01/01/2015 00:00:00;Information;airport.ControlTower@19976a65;identifyAirplane;Plane was assigned id 1
DefaultScenario;0;2023-01-10T11:20:20.278046800Z;01/01/2015 00:00:00;Information;airport.Airport@6a370f4;findTaxiwayIn;Taxiway in 1 is available for plane 1
DefaultScenario;0;2023-01-10T11:20:20.278046800Z;01/01/2015 00:00:00;Information;airport.Airport@6a370f4;findRunway;Runway 1 is available for plane 1
DefaultScenario;0;2023-01-10T11:20:20.278046800Z;01/01/2015 00:00:00;Information;airport.Runway@56dc1551;acceptPlane;Plane 1 is assigned runway 1
DefaultScenario;0;2023-01-10T11:20:20.278046800Z;01/01/2015 00:00:00;Information;airport.TaxiwayIn@102cec62;acceptPlane;Plane 1 is assigned taxiway in 1
DefaultScenario;0;2023-01-10T11:20:20.278046800Z;01/01/2015 00:00:00;Information;airport.ControlTower@19976a65;authorizeLanding;Plane 1 was given authorization to land
DefaultScenario;0;2023-01-10T11:20:20.293667700Z;01/01/2015 00:00:00;Information;airport.ControlTower@19976a65;identifyAirplane;Unidentified airplane wants to notify its arrival
DefaultScenario;0;2023-01-10T11:20:20.293667700Z;01/01/2015 00:00:00;Information;airport.ControlTower@19976a65;identifyAirplane;Plane was assigned id 2
DefaultScenario;0;2023-01-10T11:20:20.293667700Z;01/01/2015 00:00:00;Information;airport.ControlTower@19976a65;denyLanding;Plane 2 was denied landing
DefaultScenario;0;2023-01-10T11:20:20.309289200Z;01/01/2015 00:00:00;Information;airport.ControlTower@19976a65;denyLanding;Plane 2 was denied landing
DefaultScenario;0;2023-01-10T11:20:20.309289200Z;01/01/2015 00:00:00;Information;airport.Airplane@27912e3;approach;Plane 1 has started its approach
DefaultScenario;0;2023-01-10T11:20:20.324910700Z;01/01/2015 00:00:00;Information;airport.ControlTower@19976a65;denyLanding;Plane 2 was denied landing
DefaultScenario;0;2023-01-10T11:20:20.340531600Z;01/01/2015 00:00:00;Information;airport.Airplane@27912e3;land;Plane 1 just landed on runway 1
DefaultScenario;0;2023-01-10T11:20:20.340531600Z;01/01/2015 00:00:00;Information;airport.ControlTower@19976a65;denyLanding;Plane 2 was denied landing
DefaultScenario;0;2023-01-10T11:20:20.356153700Z;01/01/2015 00:00:00;Information;airport.Airplane@27912e3;rideToTrack;Plane 1 is riding on taxiway in 1
DefaultScenario;0;2023-01-10T11:20:20.356153700Z;01/01/2015 00:00:00;Information;airport.Airport@6a370f4;findTerminal;Terminal 1 is available for plane 1
DefaultScenario;0;2023-01-10T11:20:20.356153700Z;01/01/2015 00:00:00;Information;airport.Gate@19b89d4;acceptPlane;Terminal 1 accepted plane 1
DefaultScenario;0;2023-01-10T11:20:20.356153700Z;01/01/2015 00:00:00;Information;airport.ControlTower@19976a65;notifyLanding;Plane 1's flight is over
DefaultScenario;0;2023-01-10T11:20:20.356153700Z;01/01/2015 00:00:00;Information;airport.ControlTower@19976a65;acceptPlane;Runway 1 & taxiway in 1 are now available
DefaultScenario;0;2023-01-10T11:20:20.371775Z;01/01/2015 00:00:00;Information;airport.ControlTower@19976a65;identifyAirplane;Unidentified airplane wants to notify its arrival
DefaultScenario;0;2023-01-10T11:20:20.371775Z;01/01/2015 00:00:00;Information;airport.ControlTower@19976a65;identifyAirplane;Plane was assigned id 3
DefaultScenario;0;2023-01-10T11:20:20.371775Z;01/01/2015 00:00:00;Information;airport.Airport@6a370f4;findTaxiwayIn;Taxiway in 1 is available for plane 3
DefaultScenario;0;2023-01-10T11:20:20.371775Z;01/01/2015 00:00:00;Information;airport.Airport@6a370f4;findRunway;Runway 1 is available for plane 3
DefaultScenario;0;2023-01-10T11:20:20.371775Z;01/01/2015 00:00:00;Information;airport.Runway@56dc1551;acceptPlane;Plane 3 is assigned runway 1
DefaultScenario;0;2023-01-10T11:20:20.371775Z;01/01/2015 00:00:00;Information;airport.TaxiwayIn@102cec62;acceptPlane;Plane 3 is assigned taxiway in 1
DefaultScenario;0;2023-01-10T11:20:20.371775Z;01/01/2015 00:00:00;Information;airport.ControlTower@19976a65;authorizeLanding;Plane 3 was given authorization to land
DefaultScenario;0;2023-01-10T11:20:20.387396Z;01/01/2015 00:00:00;Information;airport.ControlTower@19976a65;identifyAirplane;Unidentified airplane wants to notify its arrival
DefaultScenario;0;2023-01-10T11:20:20.387396Z;01/01/2015 00:00:00;Information;airport.ControlTower@19976a65;identifyAirplane;Plane was assigned id 4
DefaultScenario;0;2023-01-10T11:20:20.387396Z;01/01/2015 00:00:00;Information;airport.ControlTower@19976a65;denyLanding;Plane 4 was denied landing
DefaultScenario;0;2023-01-10T11:20:20.387396Z;01/01/2015 00:00:00;Information;airport.ControlTower@19976a65;denyLanding;Plane 2 was denied landing
DefaultScenario;0;2023-01-10T11:20:20.403016700Z;01/01/2015 00:00:00;Information;airport.Airplane@27912e3;unloadPassengers;Plane 1 is unloading its passengers
DefaultScenario;0;2023-01-10T11:20:20.418637900Z;01/01/2015 00:00:00;Information;airport.ControlTower@19976a65;denyLanding;Plane 4 was denied landing
DefaultScenario;0;2023-01-10T11:20:20.418637900Z;01/01/2015 00:00:00;Information;airport.ControlTower@19976a65;denyLanding;Plane 2 was denied landing
DefaultScenario;0;2023-01-10T11:20:20.418637900Z;01/01/2015 00:00:00;Information;airport.ControlTower@19976a65;identifyAirplane;Unidentified airplane wants to notify its arrival
DefaultScenario;0;2023-01-10T11:20:20.434259600Z;01/01/2015 00:00:00;Information;airport.ControlTower@19976a65;identifyAirplane;Plane was assigned id 5
DefaultScenario;0;2023-01-10T11:20:20.434259600Z;01/01/2015 00:00:00;Information;airport.ControlTower@19976a65;denyLanding;Plane 5 was denied landing
DefaultScenario;0;2023-01-10T11:20:20.434259600Z;01/01/2015 00:00:00;Information;airport.Airplane@791d1f8b;approach;Plane 3 has started its approach
DefaultScenario;0;2023-01-10T11:20:20.434259600Z;01/01/2015 00:00:00;Information;airport.ControlTower@19976a65;identifyAirplane;Unidentified airplane wants to notify its arrival
DefaultScenario;0;2023-01-10T11:20:20.449880700Z;01/01/2015 00:00:00;Information;airport.ControlTower@19976a65;identifyAirplane;Plane was assigned id 6
DefaultScenario;0;2023-01-10T11:20:20.449880700Z;01/01/2015 00:00:00;Information;airport.ControlTower@19976a65;denyLanding;Plane 6 was denied landing
DefaultScenario;0;2023-01-10T11:20:20.449880700Z;01/01/2015 00:00:00;Information;airport.ControlTower@19976a65;denyLanding;Plane 4 was denied landing
DefaultScenario;0;2023-01-10T11:20:20.465501900Z;01/01/2015 00:00:00;Information;airport.ControlTower@19976a65;denyLanding;Plane 2 was denied landing
DefaultScenario;0;2023-01-10T11:20:20.465501900Z;01/01/2015 00:00:00;Information;airport.ControlTower@19976a65;denyLanding;Plane 5 was denied landing
DefaultScenario;0;2023-01-10T11:20:20.481123200Z;01/01/2015 00:00:00;Information;airport.Airplane@791d1f8b;land;Plane 3 just landed on runway 1
DefaultScenario;0;2023-01-10T11:20:20.481123200Z;01/01/2015 00:00:00;Information;airport.ControlTower@19976a65;denyLanding;Plane 6 was denied landing
DefaultScenario;0;2023-01-10T11:20:20.481123200Z;01/01/2015 00:00:00;Information;airport.ControlTower@19976a65;denyLanding;Plane 4 was denied landing
DefaultScenario;0;2023-01-10T11:20:20.496745300Z;01/01/2015 00:00:00;Information;airport.ControlTower@19976a65;denyLanding;Plane 2 was denied landing
DefaultScenario;0;2023-01-10T11:20:20.496745300Z;01/01/2015 00:00:00;Information;airport.ControlTower@19976a65;denyLanding;Plane 5 was denied landing
DefaultScenario;0;2023-01-10T11:20:20.512365800Z;01/01/2015 00:00:00;Information;airport.Airplane@791d1f8b;rideToTrack;Plane 3 is riding on taxiway in 1
DefaultScenario;0;2023-01-10T11:20:20.512365800Z;01/01/2015 00:00:00;Information;airport.Airport@6a370f4;findTerminal;Terminal 2 is available for plane 3
DefaultScenario;0;2023-01-10T11:20:20.512365800Z;01/01/2015 00:00:00;Information;airport.Gate@2415fc55;acceptPlane;Terminal 2 accepted plane 3
DefaultScenario;0;2023-01-10T11:20:20.512365800Z;01/01/2015 00:00:00;Information;airport.ControlTower@19976a65;notifyLanding;Plane 3's flight is over
DefaultScenario;0;2023-01-10T11:20:20.512365800Z;01/01/2015 00:00:00;Information;airport.ControlTower@19976a65;acceptPlane;Runway 1 & taxiway in 1 are now available
DefaultScenario;0;2023-01-10T11:20:20.527987100Z;01/01/2015 00:00:00;Information;airport.Airport@6a370f4;findTaxiwayIn;Taxiway in 1 is available for plane 6
DefaultScenario;0;2023-01-10T11:20:20.527987100Z;01/01/2015 00:00:00;Information;airport.Airport@6a370f4;findRunway;Runway 1 is available for plane 6
DefaultScenario;0;2023-01-10T11:20:20.527987100Z;01/01/2015 00:00:00;Information;airport.Runway@56dc1551;acceptPlane;Plane 6 is assigned runway 1
DefaultScenario;0;2023-01-10T11:20:20.527987100Z;01/01/2015 00:00:00;Information;airport.TaxiwayIn@102cec62;acceptPlane;Plane 6 is assigned taxiway in 1
DefaultScenario;0;2023-01-10T11:20:20.527987100Z;01/01/2015 00:00:00;Information;airport.ControlTower@19976a65;authorizeLanding;Plane 6 was given authorization to land
DefaultScenario;0;2023-01-10T11:20:20.527987100Z;01/01/2015 00:00:00;Information;airport.ControlTower@19976a65;denyLanding;Plane 4 was denied landing
DefaultScenario;0;2023-01-10T11:20:20.543608900Z;01/01/2015 00:00:00;Information;airport.ControlTower@19976a65;denyLanding;Plane 2 was denied landing
DefaultScenario;0;2023-01-10T11:20:20.543608900Z;01/01/2015 00:00:00;Information;airport.ControlTower@19976a65;identifyAirplane;Unidentified airplane wants to notify its arrival
DefaultScenario;0;2023-01-10T11:20:20.543608900Z;01/01/2015 00:00:00;Information;airport.ControlTower@19976a65;identifyAirplane;Plane was assigned id 7
DefaultScenario;0;2023-01-10T11:20:20.543608900Z;01/01/2015 00:00:00;Information;airport.ControlTower@19976a65;denyLanding;Plane 7 was denied landing
DefaultScenario;0;2023-01-10T11:20:20.559230400Z;01/01/2015 00:00:00;Information;airport.ControlTower@19976a65;denyLanding;Plane 5 was denied landing
DefaultScenario;0;2023-01-10T11:20:20.559230400Z;01/01/2015 00:00:00;Information;airport.Airplane@791d1f8b;unloadPassengers;Plane 3 is unloading its passengers
DefaultScenario;0;2023-01-10T11:20:20.559230400Z;01/01/2015 00:00:00;Information;airport.Airplane@14f232c4;approach;Plane 6 has started its approach
DefaultScenario;0;2023-01-10T11:20:20.574851500Z;01/01/2015 00:00:00;Information;airport.ControlTower@19976a65;denyLanding;Plane 4 was denied landing
DefaultScenario;0;2023-01-10T11:20:20.574851500Z;01/01/2015 00:00:00;Information;airport.ControlTower@19976a65;denyLanding;Plane 2 was denied landing
DefaultScenario;0;2023-01-10T11:20:20.590472900Z;01/01/2015 00:00:00;Information;airport.ControlTower@19976a65;denyLanding;Plane 7 was denied landing
DefaultScenario;0;2023-01-10T11:20:20.590472900Z;01/01/2015 00:00:00;Information;airport.ControlTower@19976a65;denyLanding;Plane 5 was denied landing
DefaultScenario;0;2023-01-10T11:20:20.606094600Z;01/01/2015 00:00:00;Information;airport.Airplane@14f232c4;land;Plane 6 just landed on runway 1
DefaultScenario;0;2023-01-10T11:20:20.606094600Z;01/01/2015 00:00:00;Information;airport.ControlTower@19976a65;denyLanding;Plane 4 was denied landing
DefaultScenario;0;2023-01-10T11:20:20.621714800Z;01/01/2015 00:00:00;Information;airport.ControlTower@19976a65;denyLanding;Plane 2 was denied landing
DefaultScenario;0;2023-01-10T11:20:20.621714800Z;01/01/2015 00:00:00;Information;airport.ControlTower@19976a65;denyLanding;Plane 7 was denied landing
DefaultScenario;0;2023-01-10T11:20:20.621714800Z;01/01/2015 00:00:00;Information;airport.ControlTower@19976a65;denyLanding;Plane 5 was denied landing
DefaultScenario;0;2023-01-10T11:20:20.637336300Z;01/01/2015 00:00:00;Information;airport.Airplane@14f232c4;rideToTrack;Plane 6 is riding on taxiway in 1
DefaultScenario;0;2023-01-10T11:20:20.637336300Z;01/01/2015 00:00:00;Information;airport.Airport@6a370f4;findTerminal;Terminal 3 is available for plane 6
DefaultScenario;0;2023-01-10T11:20:20.637336300Z;01/01/2015 00:00:00;Information;airport.Gate@13bc8645;acceptPlane;Terminal 3 accepted plane 6
DefaultScenario;0;2023-01-10T11:20:20.637336300Z;01/01/2015 00:00:00;Information;airport.ControlTower@19976a65;notifyLanding;Plane 6's flight is over
DefaultScenario;0;2023-01-10T11:20:20.637336300Z;01/01/2015 00:00:00;Information;airport.ControlTower@19976a65;acceptPlane;Runway 1 & taxiway in 1 are now available
DefaultScenario;0;2023-01-10T11:20:20.637336300Z;01/01/2015 00:00:00;Information;airport.Airport@6a370f4;findTaxiwayIn;Taxiway in 1 is available for plane 4
DefaultScenario;0;2023-01-10T11:20:20.652957500Z;01/01/2015 00:00:00;Information;airport.Airport@6a370f4;findRunway;Runway 1 is available for plane 4
DefaultScenario;0;2023-01-10T11:20:20.652957500Z;01/01/2015 00:00:00;Information;airport.Runway@56dc1551;acceptPlane;Plane 4 is assigned runway 1
DefaultScenario;0;2023-01-10T11:20:20.652957500Z;01/01/2015 00:00:00;Information;airport.TaxiwayIn@102cec62;acceptPlane;Plane 4 is assigned taxiway in 1
DefaultScenario;0;2023-01-10T11:20:20.652957500Z;01/01/2015 00:00:00;Information;airport.ControlTower@19976a65;authorizeLanding;Plane 4 was given authorization to land
DefaultScenario;0;2023-01-10T11:20:20.652957500Z;01/01/2015 00:00:00;Information;airport.ControlTower@19976a65;denyLanding;Plane 2 was denied landing
DefaultScenario;0;2023-01-10T11:20:20.668578700Z;01/01/2015 00:00:00;Information;airport.ControlTower@19976a65;denyLanding;Plane 7 was denied landing
DefaultScenario;0;2023-01-10T11:20:20.668578700Z;01/01/2015 00:00:00;Information;airport.ControlTower@19976a65;denyLanding;Plane 5 was denied landing
DefaultScenario;0;2023-01-10T11:20:20.668578700Z;01/01/2015 00:00:00;Information;airport.Airplane@24c22fe;approach;Plane 4 has started its approach
DefaultScenario;0;2023-01-10T11:20:20.684228700Z;01/01/2015 00:00:00;Information;airport.ControlTower@19976a65;denyLanding;Plane 2 was denied landing
DefaultScenario;0;2023-01-10T11:20:20.684228700Z;01/01/2015 00:00:00;Information;airport.ControlTower@19976a65;denyLanding;Plane 7 was denied landing
DefaultScenario;0;2023-01-10T11:20:20.699821800Z;01/01/2015 00:00:00;Information;airport.ControlTower@19976a65;denyLanding;Plane 5 was denied landing
DefaultScenario;0;2023-01-10T11:20:20.699821800Z;01/01/2015 00:00:00;Information;airport.Airplane@14f232c4;unloadPassengers;Plane 6 is unloading its passengers
DefaultScenario;0;2023-01-10T11:20:20.715443Z;01/01/2015 00:00:00;Information;airport.Airplane@24c22fe;land;Plane 4 just landed on runway 1
DefaultScenario;0;2023-01-10T11:20:20.715443Z;01/01/2015 00:00:00;Information;airport.ControlTower@19976a65;denyLanding;Plane 2 was denied landing
DefaultScenario;0;2023-01-10T11:20:20.731065500Z;01/01/2015 00:00:00;Information;airport.ControlTower@19976a65;denyLanding;Plane 7 was denied landing
DefaultScenario;0;2023-01-10T11:20:20.731065500Z;01/01/2015 00:00:00;Information;airport.ControlTower@19976a65;denyLanding;Plane 5 was denied landing
DefaultScenario;0;2023-01-10T11:20:20.746685300Z;01/01/2015 00:00:00;Information;airport.Airplane@24c22fe;rideToTrack;Plane 4 is riding on taxiway in 1
DefaultScenario;0;2023-01-10T11:20:20.746685300Z;01/01/2015 00:00:00;Information;airport.Airport@6a370f4;findTerminal;Terminal 4 is available for plane 4
DefaultScenario;0;2023-01-10T11:20:20.746685300Z;01/01/2015 00:00:00;Information;airport.Gate@93081b6;acceptPlane;Terminal 4 accepted plane 4
DefaultScenario;0;2023-01-10T11:20:20.746685300Z;01/01/2015 00:00:00;Information;airport.ControlTower@19976a65;notifyLanding;Plane 4's flight is over
DefaultScenario;0;2023-01-10T11:20:20.746685300Z;01/01/2015 00:00:00;Information;airport.ControlTower@19976a65;acceptPlane;Runway 1 & taxiway in 1 are now available
DefaultScenario;0;2023-01-10T11:20:20.746685300Z;01/01/2015 00:00:00;Information;airport.Airport@6a370f4;findTaxiwayIn;Taxiway in 1 is available for plane 2
DefaultScenario;0;2023-01-10T11:20:20.746685300Z;01/01/2015 00:00:00;Information;airport.Airport@6a370f4;findRunway;Runway 1 is available for plane 2
DefaultScenario;0;2023-01-10T11:20:20.746685300Z;01/01/2015 00:00:00;Information;airport.Runway@56dc1551;acceptPlane;Plane 2 is assigned runway 1
DefaultScenario;0;2023-01-10T11:20:20.746685300Z;01/01/2015 00:00:00;Information;airport.TaxiwayIn@102cec62;acceptPlane;Plane 2 is assigned taxiway in 1
DefaultScenario;0;2023-01-10T11:20:20.746685300Z;01/01/2015 00:00:00;Information;airport.ControlTower@19976a65;authorizeLanding;Plane 2 was given authorization to land
DefaultScenario;0;2023-01-10T11:20:20.762307300Z;01/01/2015 00:00:00;Information;airport.ControlTower@19976a65;denyLanding;Plane 7 was denied landing
DefaultScenario;0;2023-01-10T11:20:20.762307300Z;01/01/2015 00:00:00;Information;airport.ControlTower@19976a65;denyLanding;Plane 5 was denied landing
DefaultScenario;0;2023-01-10T11:20:20.777927900Z;01/01/2015 00:00:00;Information;airport.ControlTower@19976a65;denyLanding;Plane 7 was denied landing
DefaultScenario;0;2023-01-10T11:20:20.777927900Z;01/01/2015 00:00:00;Information;airport.ControlTower@19976a65;denyLanding;Plane 5 was denied landing
DefaultScenario;0;2023-01-10T11:20:20.793549900Z;01/01/2015 00:00:00;Information;airport.Airplane@cd1e646;approach;Plane 2 has started its approach
DefaultScenario;0;2023-01-10T11:20:20.793549900Z;01/01/2015 00:00:00;Information;airport.Airplane@24c22fe;unloadPassengers;Plane 4 is unloading its passengers
DefaultScenario;0;2023-01-10T11:20:20.809172200Z;01/01/2015 00:00:00;Information;airport.ControlTower@19976a65;denyLanding;Plane 7 was denied landing
DefaultScenario;0;2023-01-10T11:20:20.809172200Z;01/01/2015 00:00:00;Information;airport.ControlTower@19976a65;denyLanding;Plane 5 was denied landing
DefaultScenario;0;2023-01-10T11:20:20.824791800Z;01/01/2015 00:00:00;Information;airport.Airplane@cd1e646;land;Plane 2 just landed on runway 1
DefaultScenario;0;2023-01-10T11:20:20.824791800Z;01/01/2015 00:00:00;Information;airport.ControlTower@19976a65;denyLanding;Plane 7 was denied landing
DefaultScenario;0;2023-01-10T11:20:20.840413300Z;01/01/2015 00:00:00;Information;airport.ControlTower@19976a65;denyLanding;Plane 5 was denied landing
DefaultScenario;0;2023-01-10T11:20:20.840413300Z;01/01/2015 00:00:00;Information;airport.Airplane@cd1e646;rideToTrack;Plane 2 is riding on taxiway in 1
DefaultScenario;0;2023-01-10T11:20:20.840413300Z;01/01/2015 00:00:00;Information;airport.Airport@6a370f4;findTerminal;Terminal 5 is available for plane 2
DefaultScenario;0;2023-01-10T11:20:20.840413300Z;01/01/2015 00:00:00;Information;airport.Gate@7ba8c737;acceptPlane;Terminal 5 accepted plane 2
DefaultScenario;0;2023-01-10T11:20:20.840413300Z;01/01/2015 00:00:00;Information;airport.ControlTower@19976a65;notifyLanding;Plane 2's flight is over
DefaultScenario;0;2023-01-10T11:20:20.840413300Z;01/01/2015 00:00:00;Information;airport.ControlTower@19976a65;acceptPlane;Runway 1 & taxiway in 1 are now available
DefaultScenario;0;2023-01-10T11:20:20.856035600Z;01/01/2015 00:00:00;Information;airport.Airport@6a370f4;findTaxiwayIn;Taxiway in 1 is available for plane 7
DefaultScenario;0;2023-01-10T11:20:20.856035600Z;01/01/2015 00:00:00;Information;airport.Airport@6a370f4;findRunway;Runway 1 is available for plane 7
DefaultScenario;0;2023-01-10T11:20:20.856035600Z;01/01/2015 00:00:00;Information;airport.Runway@56dc1551;acceptPlane;Plane 7 is assigned runway 1
DefaultScenario;0;2023-01-10T11:20:20.856035600Z;01/01/2015 00:00:00;Information;airport.TaxiwayIn@102cec62;acceptPlane;Plane 7 is assigned taxiway in 1
DefaultScenario;0;2023-01-10T11:20:20.856035600Z;01/01/2015 00:00:00;Information;airport.ControlTower@19976a65;authorizeLanding;Plane 7 was given authorization to land
DefaultScenario;0;2023-01-10T11:20:20.856035600Z;01/01/2015 00:00:00;Information;airport.ControlTower@19976a65;denyLanding;Plane 5 was denied landing
DefaultScenario;0;2023-01-10T11:20:20.871656400Z;01/01/2015 00:00:00;Information;airport.Airplane@cd1e646;unloadPassengers;Plane 2 is unloading its passengers
DefaultScenario;0;2023-01-10T11:20:20.871656400Z;01/01/2015 00:00:00;Information;airport.Airplane@27912e3;preparation;Plane 1 is preparing for next flight
DefaultScenario;0;2023-01-10T11:20:20.887276900Z;01/01/2015 00:00:00;Information;airport.ControlTower@19976a65;denyLanding;Plane 5 was denied landing
DefaultScenario;0;2023-01-10T11:20:20.887276900Z;01/01/2015 00:00:00;Information;airport.Airplane@15a04efb;approach;Plane 7 has started its approach
DefaultScenario;0;2023-01-10T11:20:20.902898300Z;01/01/2015 00:00:00;Information;airport.ControlTower@19976a65;denyLanding;Plane 5 was denied landing
DefaultScenario;0;2023-01-10T11:20:20.902898300Z;01/01/2015 00:00:00;Information;airport.Airplane@15a04efb;land;Plane 7 just landed on runway 1
DefaultScenario;0;2023-01-10T11:20:20.918519500Z;01/01/2015 00:00:00;Information;airport.ControlTower@19976a65;denyLanding;Plane 5 was denied landing
DefaultScenario;0;2023-01-10T11:20:20.918519500Z;01/01/2015 00:00:00;Information;airport.Airplane@15a04efb;rideToTrack;Plane 7 is riding on taxiway in 1
DefaultScenario;0;2023-01-10T11:20:20.918519500Z;01/01/2015 00:00:00;Information;airport.Airport@6a370f4;findTerminal;Terminal 6 is available for plane 7
DefaultScenario;0;2023-01-10T11:20:20.918519500Z;01/01/2015 00:00:00;Information;airport.Gate@16c069df;acceptPlane;Terminal 6 accepted plane 7
DefaultScenario;0;2023-01-10T11:20:20.918519500Z;01/01/2015 00:00:00;Information;airport.ControlTower@19976a65;notifyLanding;Plane 7's flight is over
DefaultScenario;0;2023-01-10T11:20:20.918519500Z;01/01/2015 00:00:00;Information;airport.ControlTower@19976a65;acceptPlane;Runway 1 & taxiway in 1 are now available
DefaultScenario;0;2023-01-10T11:20:20.934141100Z;01/01/2015 00:00:00;Information;airport.Airport@6a370f4;findTaxiwayIn;Taxiway in 1 is available for plane 5
DefaultScenario;0;2023-01-10T11:20:20.934141100Z;01/01/2015 00:00:00;Information;airport.Airport@6a370f4;findRunway;Runway 1 is available for plane 5
DefaultScenario;0;2023-01-10T11:20:20.934141100Z;01/01/2015 00:00:00;Information;airport.Runway@56dc1551;acceptPlane;Plane 5 is assigned runway 1
DefaultScenario;0;2023-01-10T11:20:20.934141100Z;01/01/2015 00:00:00;Information;airport.TaxiwayIn@102cec62;acceptPlane;Plane 5 is assigned taxiway in 1
DefaultScenario;0;2023-01-10T11:20:20.934141100Z;01/01/2015 00:00:00;Information;airport.ControlTower@19976a65;authorizeLanding;Plane 5 was given authorization to land
DefaultScenario;0;2023-01-10T11:20:20.934141100Z;01/01/2015 00:00:00;Information;airport.Airplane@791d1f8b;preparation;Plane 3 is preparing for next flight
DefaultScenario;0;2023-01-10T11:20:20.949763400Z;01/01/2015 00:00:00;Information;airport.Airplane@15a04efb;unloadPassengers;Plane 7 is unloading its passengers
DefaultScenario;0;2023-01-10T11:20:20.949763400Z;01/01/2015 00:00:00;Information;airport.Airplane@2bec854f;approach;Plane 5 has started its approach
DefaultScenario;0;2023-01-10T11:20:20.965384200Z;01/01/2015 00:00:00;Information;airport.Airplane@2bec854f;land;Plane 5 just landed on runway 1
DefaultScenario;0;2023-01-10T11:20:20.965384200Z;01/01/2015 00:00:00;Information;airport.Airplane@2bec854f;rideToTrack;Plane 5 is riding on taxiway in 1
DefaultScenario;0;2023-01-10T11:20:20.965384200Z;01/01/2015 00:00:00;Information;airport.RideToTerminal@31edaa7d;process;All gates are currently unavailable and cannot accept plane 5
DefaultScenario;0;2023-01-10T11:20:20.981005Z;01/01/2015 00:00:00;Information;airport.Airplane@2bec854f;rideToTrack;Plane 5 is riding on taxiway in 1
DefaultScenario;0;2023-01-10T11:20:20.981005Z;01/01/2015 00:00:00;Information;airport.RideToTerminal@31edaa7d;process;All gates are currently unavailable and cannot accept plane 5
DefaultScenario;0;2023-01-10T11:20:20.981005Z;01/01/2015 00:00:00;Information;airport.Airplane@14f232c4;preparation;Plane 6 is preparing for next flight
DefaultScenario;0;2023-01-10T11:20:20.996626200Z;01/01/2015 00:00:00;Information;airport.Airplane@2bec854f;rideToTrack;Plane 5 is riding on taxiway in 1
DefaultScenario;0;2023-01-10T11:20:20.996626200Z;01/01/2015 00:00:00;Information;airport.RideToTerminal@31edaa7d;process;All gates are currently unavailable and cannot accept plane 5
DefaultScenario;0;2023-01-10T11:20:20.996626200Z;01/01/2015 00:00:00;Information;airport.Airplane@27912e3;loadPassengers;Unidentified plane is loading its passengers
DefaultScenario;0;2023-01-10T11:20:21.012248Z;01/01/2015 00:00:00;Information;airport.Airplane@2bec854f;rideToTrack;Plane 5 is riding on taxiway in 1
DefaultScenario;0;2023-01-10T11:20:21.012248Z;01/01/2015 00:00:00;Information;airport.RideToTerminal@31edaa7d;process;All gates are currently unavailable and cannot accept plane 5
DefaultScenario;0;2023-01-10T11:20:21.027869300Z;01/01/2015 00:00:00;Information;airport.ControlTower@19976a65;identifyAirplane;Unidentified airplane wants to ride to taxi way out
DefaultScenario;0;2023-01-10T11:20:21.027869300Z;01/01/2015 00:00:00;Information;airport.ControlTower@19976a65;identifyAirplane;Plane was assigned id 8
DefaultScenario;0;2023-01-10T11:20:21.027869300Z;01/01/2015 00:00:00;Information;airport.Airport@6a370f4;findTaxiWayOut;Taxiway out 1 is available for plane 8
DefaultScenario;0;2023-01-10T11:20:21.027869300Z;01/01/2015 00:00:00;Information;airport.TaxiwayOut@3336e6b6;acceptPlane;Plane 8 is assigned taxiway out 1
DefaultScenario;0;2023-01-10T11:20:21.043489800Z;01/01/2015 00:00:00;Information;airport.Airplane@27912e3;rideToTrack;Plane 8 is riding on taxiway out 1
DefaultScenario;0;2023-01-10T11:20:21.043489800Z;01/01/2015 00:00:00;Information;airport.Airport@6a370f4;findRunway;Runway 1 is available for plane 8
DefaultScenario;0;2023-01-10T11:20:21.043489800Z;01/01/2015 00:00:00;Information;airport.ControlTower@19976a65;authorizeTakeOff;Plane 8 was given authorization to take off on runway 1
DefaultScenario;0;2023-01-10T11:20:21.043489800Z;01/01/2015 00:00:00;Information;airport.ControlTower@19976a65;notifyTakeOff;Plane 8 just took off
DefaultScenario;0;2023-01-10T11:20:21.059112Z;01/01/2015 00:00:00;Information;airport.Airplane@2bec854f;rideToTrack;Plane 5 is riding on taxiway in 1
DefaultScenario;0;2023-01-10T11:20:21.059112Z;01/01/2015 00:00:00;Information;airport.Airport@6a370f4;findTerminal;Terminal 1 is available for plane 5
DefaultScenario;0;2023-01-10T11:20:21.059112Z;01/01/2015 00:00:00;Information;airport.Gate@19b89d4;acceptPlane;Terminal 1 accepted plane 5
DefaultScenario;0;2023-01-10T11:20:21.059112Z;01/01/2015 00:00:00;Information;airport.ControlTower@19976a65;notifyLanding;Plane 5's flight is over
DefaultScenario;0;2023-01-10T11:20:21.059112Z;01/01/2015 00:00:00;Information;airport.ControlTower@19976a65;acceptPlane;Runway 1 & taxiway in 1 are now available
DefaultScenario;0;2023-01-10T11:20:21.059112Z;01/01/2015 00:00:00;Information;airport.Airplane@24c22fe;preparation;Plane 4 is preparing for next flight
DefaultScenario;0;2023-01-10T11:20:21.074733500Z;01/01/2015 00:00:00;Information;airport.Airplane@2bec854f;unloadPassengers;Plane 5 is unloading its passengers
DefaultScenario;0;2023-01-10T11:20:21.074733500Z;01/01/2015 00:00:00;Information;airport.Airplane@cd1e646;preparation;Plane 2 is preparing for next flight
DefaultScenario;0;2023-01-10T11:20:21.090354100Z;01/01/2015 00:00:00;Information;airport.Airplane@791d1f8b;loadPassengers;Unidentified plane is loading its passengers
DefaultScenario;0;2023-01-10T11:20:21.090354100Z;01/01/2015 00:00:00;Information;airport.ControlTower@19976a65;identifyAirplane;Unidentified airplane wants to ride to taxi way out
DefaultScenario;0;2023-01-10T11:20:21.090354100Z;01/01/2015 00:00:00;Information;airport.ControlTower@19976a65;identifyAirplane;Plane was assigned id 9
DefaultScenario;0;2023-01-10T11:20:21.090354100Z;01/01/2015 00:00:00;Information;airport.Airport@6a370f4;findTaxiWayOut;Taxiway out 1 is available for plane 9
DefaultScenario;0;2023-01-10T11:20:21.090354100Z;01/01/2015 00:00:00;Information;airport.TaxiwayOut@3336e6b6;acceptPlane;Plane 9 is assigned taxiway out 1
DefaultScenario;0;2023-01-10T11:20:21.105976800Z;01/01/2015 00:00:00;Information;airport.Airplane@791d1f8b;rideToTrack;Plane 9 is riding on taxiway out 1
DefaultScenario;0;2023-01-10T11:20:21.105976800Z;01/01/2015 00:00:00;Information;airport.Airport@6a370f4;findRunway;Runway 1 is available for plane 9
DefaultScenario;0;2023-01-10T11:20:21.105976800Z;01/01/2015 00:00:00;Information;airport.ControlTower@19976a65;authorizeTakeOff;Plane 9 was given authorization to take off on runway 1
DefaultScenario;0;2023-01-10T11:20:21.105976800Z;01/01/2015 00:00:00;Information;airport.ControlTower@19976a65;notifyTakeOff;Plane 9 just took off
DefaultScenario;0;2023-01-10T11:20:21.121597200Z;01/01/2015 00:00:00;Information;airport.Airplane@14f232c4;loadPassengers;Unidentified plane is loading its passengers
DefaultScenario;0;2023-01-10T11:20:21.121597200Z;01/01/2015 00:00:00;Information;airport.ControlTower@19976a65;identifyAirplane;Unidentified airplane wants to ride to taxi way out
DefaultScenario;0;2023-01-10T11:20:21.121597200Z;01/01/2015 00:00:00;Information;airport.ControlTower@19976a65;identifyAirplane;Plane was assigned id 10
DefaultScenario;0;2023-01-10T11:20:21.121597200Z;01/01/2015 00:00:00;Information;airport.Airport@6a370f4;findTaxiWayOut;Taxiway out 1 is available for plane 10
DefaultScenario;0;2023-01-10T11:20:21.121597200Z;01/01/2015 00:00:00;Information;airport.TaxiwayOut@3336e6b6;acceptPlane;Plane 10 is assigned taxiway out 1
DefaultScenario;0;2023-01-10T11:20:21.137218600Z;01/01/2015 00:00:00;Information;airport.Airplane@14f232c4;rideToTrack;Plane 10 is riding on taxiway out 1
DefaultScenario;0;2023-01-10T11:20:21.137218600Z;01/01/2015 00:00:00;Information;airport.Airport@6a370f4;findRunway;Runway 1 is available for plane 10
DefaultScenario;0;2023-01-10T11:20:21.137218600Z;01/01/2015 00:00:00;Information;airport.ControlTower@19976a65;authorizeTakeOff;Plane 10 was given authorization to take off on runway 1
DefaultScenario;0;2023-01-10T11:20:21.137218600Z;01/01/2015 00:00:00;Information;airport.ControlTower@19976a65;notifyTakeOff;Plane 10 just took off
DefaultScenario;0;2023-01-10T11:20:21.152839100Z;01/01/2015 00:00:00;Information;airport.Airplane@15a04efb;preparation;Plane 7 is preparing for next flight
DefaultScenario;0;2023-01-10T11:20:21.152839100Z;01/01/2015 00:00:00;Information;airport.Airplane@24c22fe;loadPassengers;Unidentified plane is loading its passengers
DefaultScenario;0;2023-01-10T11:20:21.168461700Z;01/01/2015 00:00:00;Information;airport.ControlTower@19976a65;identifyAirplane;Unidentified airplane wants to ride to taxi way out
DefaultScenario;0;2023-01-10T11:20:21.168461700Z;01/01/2015 00:00:00;Information;airport.ControlTower@19976a65;identifyAirplane;Plane was assigned id 11
DefaultScenario;0;2023-01-10T11:20:21.168461700Z;01/01/2015 00:00:00;Information;airport.Airport@6a370f4;findTaxiWayOut;Taxiway out 1 is available for plane 11
DefaultScenario;0;2023-01-10T11:20:21.168461700Z;01/01/2015 00:00:00;Information;airport.TaxiwayOut@3336e6b6;acceptPlane;Plane 11 is assigned taxiway out 1
DefaultScenario;0;2023-01-10T11:20:21.168461700Z;01/01/2015 00:00:00;Information;airport.Airplane@24c22fe;rideToTrack;Plane 11 is riding on taxiway out 1
DefaultScenario;0;2023-01-10T11:20:21.184082500Z;01/01/2015 00:00:00;Information;airport.Airport@6a370f4;findRunway;Runway 1 is available for plane 11
DefaultScenario;0;2023-01-10T11:20:21.184082500Z;01/01/2015 00:00:00;Information;airport.ControlTower@19976a65;authorizeTakeOff;Plane 11 was given authorization to take off on runway 1
DefaultScenario;0;2023-01-10T11:20:21.184082500Z;01/01/2015 00:00:00;Information;airport.ControlTower@19976a65;notifyTakeOff;Plane 11 just took off
DefaultScenario;0;2023-01-10T11:20:21.184082500Z;01/01/2015 00:00:00;Information;airport.Airplane@cd1e646;loadPassengers;Unidentified plane is loading its passengers
DefaultScenario;0;2023-01-10T11:20:21.199703600Z;01/01/2015 00:00:00;Information;airport.ControlTower@19976a65;identifyAirplane;Unidentified airplane wants to ride to taxi way out
DefaultScenario;0;2023-01-10T11:20:21.199703600Z;01/01/2015 00:00:00;Information;airport.ControlTower@19976a65;identifyAirplane;Plane was assigned id 12
DefaultScenario;0;2023-01-10T11:20:21.199703600Z;01/01/2015 00:00:00;Information;airport.Airport@6a370f4;findTaxiWayOut;Taxiway out 1 is available for plane 12
DefaultScenario;0;2023-01-10T11:20:21.199703600Z;01/01/2015 00:00:00;Information;airport.TaxiwayOut@3336e6b6;acceptPlane;Plane 12 is assigned taxiway out 1
DefaultScenario;0;2023-01-10T11:20:21.199703600Z;01/01/2015 00:00:00;Information;airport.Airplane@cd1e646;rideToTrack;Plane 12 is riding on taxiway out 1
DefaultScenario;0;2023-01-10T11:20:21.215325600Z;01/01/2015 00:00:00;Information;airport.Airport@6a370f4;findRunway;Runway 1 is available for plane 12
DefaultScenario;0;2023-01-10T11:20:21.215325600Z;01/01/2015 00:00:00;Information;airport.ControlTower@19976a65;authorizeTakeOff;Plane 12 was given authorization to take off on runway 1
DefaultScenario;0;2023-01-10T11:20:21.215325600Z;01/01/2015 00:00:00;Information;airport.ControlTower@19976a65;notifyTakeOff;Plane 12 just took off
DefaultScenario;0;2023-01-10T11:20:21.215325600Z;01/01/2015 00:00:00;Information;airport.Airplane@2bec854f;preparation;Plane 5 is preparing for next flight
DefaultScenario;0;2023-01-10T11:20:21.230946700Z;01/01/2015 00:00:00;Information;airport.Airplane@15a04efb;loadPassengers;Unidentified plane is loading its passengers
DefaultScenario;0;2023-01-10T11:20:21.230946700Z;01/01/2015 00:00:00;Information;airport.ControlTower@19976a65;identifyAirplane;Unidentified airplane wants to ride to taxi way out
DefaultScenario;0;2023-01-10T11:20:21.230946700Z;01/01/2015 00:00:00;Information;airport.ControlTower@19976a65;identifyAirplane;Plane was assigned id 13
DefaultScenario;0;2023-01-10T11:20:21.230946700Z;01/01/2015 00:00:00;Information;airport.Airport@6a370f4;findTaxiWayOut;Taxiway out 1 is available for plane 13
DefaultScenario;0;2023-01-10T11:20:21.230946700Z;01/01/2015 00:00:00;Information;airport.TaxiwayOut@3336e6b6;acceptPlane;Plane 13 is assigned taxiway out 1
DefaultScenario;0;2023-01-10T11:20:21.246566900Z;01/01/2015 00:00:00;Information;airport.Airplane@15a04efb;rideToTrack;Plane 13 is riding on taxiway out 1
DefaultScenario;0;2023-01-10T11:20:21.246566900Z;01/01/2015 00:00:00;Information;airport.Airport@6a370f4;findRunway;Runway 1 is available for plane 13
DefaultScenario;0;2023-01-10T11:20:21.246566900Z;01/01/2015 00:00:00;Information;airport.ControlTower@19976a65;authorizeTakeOff;Plane 13 was given authorization to take off on runway 1
DefaultScenario;0;2023-01-10T11:20:21.246566900Z;01/01/2015 00:00:00;Information;airport.ControlTower@19976a65;notifyTakeOff;Plane 13 just took off
DefaultScenario;0;2023-01-10T11:20:21.262188800Z;01/01/2015 00:00:00;Information;airport.Airplane@2bec854f;loadPassengers;Unidentified plane is loading its passengers
DefaultScenario;0;2023-01-10T11:20:21.262188800Z;01/01/2015 00:00:00;Information;airport.ControlTower@19976a65;identifyAirplane;Unidentified airplane wants to ride to taxi way out
DefaultScenario;0;2023-01-10T11:20:21.262188800Z;01/01/2015 00:00:00;Information;airport.ControlTower@19976a65;identifyAirplane;Plane was assigned id 14
DefaultScenario;0;2023-01-10T11:20:21.262188800Z;01/01/2015 00:00:00;Information;airport.Airport@6a370f4;findTaxiWayOut;Taxiway out 1 is available for plane 14
DefaultScenario;0;2023-01-10T11:20:21.262188800Z;01/01/2015 00:00:00;Information;airport.TaxiwayOut@3336e6b6;acceptPlane;Plane 14 is assigned taxiway out 1
DefaultScenario;0;2023-01-10T11:20:21.277809800Z;01/01/2015 00:00:00;Information;airport.Airplane@2bec854f;rideToTrack;Plane 14 is riding on taxiway out 1
DefaultScenario;0;2023-01-10T11:20:21.293431Z;01/01/2015 00:00:00;Information;airport.Airport@6a370f4;findRunway;Runway 1 is available for plane 14
DefaultScenario;0;2023-01-10T11:20:21.293431Z;01/01/2015 00:00:00;Information;airport.ControlTower@19976a65;authorizeTakeOff;Plane 14 was given authorization to take off on runway 1
DefaultScenario;0;2023-01-10T11:20:21.293431Z;01/01/2015 00:00:00;Information;airport.ControlTower@19976a65;notifyTakeOff;Plane 14 just took off
